value,product_id,id
"1.0 Branch",1,1
"1.4 Branch",1,2
"1.7 Branch",1,3
"1.8 Branch",1,4
"1.9.0 Branch",1,405
"1.9.1 Branch",1,477
"1.9.2 Branch",1,551
"10 Branch",1,799
"11 Branch",1,807
"12 Branch",1,823
"13 Branch",1,875
"14 Branch",1,897
"15 Branch",1,958
"16 Branch",1,997
"17 Branch",1,1011
"18 Branch",1,1034
"19 Branch",1,1086
"2.0 Branch",1,697
"20 Branch",1,1145
"21 Branch",1,1159
"22 Branch",1,1186
"23 Branch",1,1216
"24 Branch",1,1315
"25 Branch",1,1334
"26 Branch",1,1377
"27 Branch",1,1392
"28 Branch",1,1416
"29 Branch",1,1479
"30 Branch",1,1533
"31 Branch",1,1551
"32 Branch",1,1586
"33 Branch",1,1609
"34 Branch",1,1679
"35 Branch",1,1710
"36 Branch",1,1927
"37 Branch",1,1942
"38 Branch",1,2097
"39 Branch",1,2143
"40 Branch",1,2159
"41 Branch",1,2277
"42 Branch",1,2295
"43 Branch",1,2320
"44 Branch",1,2341
"45 Branch",1,2365
"46 Branch",1,2439
"47 Branch",1,2536
"48 Branch",1,2602
"49 Branch",1,2664
"5 Branch",1,702
"50 Branch",1,2716
"51 Branch",1,2890
"52 Branch",1,2904
"53 Branch",1,2927
"54 Branch",1,3295
"55 Branch",1,3317
"56 Branch",1,3403
"57 Branch",1,3418
"58 Branch",1,3440
"59 Branch",1,3564
"6 Branch",1,754
"60 Branch",1,3591
"61 Branch",1,3884
"62 Branch",1,3910
"63 Branch",1,4260
"7 Branch",1,755
"8 Branch",1,759
"9 Branch",1,785
"Other Branch",1,5
Trunk,1,17
unspecified,1,355
"Lightning 0.3",2,18
"Lightning 0.3.1",2,349
"Lightning 0.5",2,366
"Lightning 0.7",2,381
"Lightning 0.8",2,407
"Lightning 0.9",2,442
"Lightning 1.0",2,792
"Lightning 1.0b1",2,580
"Lightning 1.0b2",2,625
"Lightning 1.0b4",2,752
"Lightning 1.0b5",2,777
"Lightning 1.0b7",2,791
"Lightning 1.1",2,817
"Lightning 1.2",2,819
"Lightning 1.3",2,820
"Lightning 1.4",2,834
"Lightning 1.5",2,890
"Lightning 1.6",2,906
"Lightning 1.7",2,970
"Lightning 1.8",2,1000
"Lightning 1.9",2,1020
"Lightning 1.9.1",2,1185
"Lightning 2.0",2,1047
"Lightning 2.1",2,1096
"Lightning 2.2",2,1154
"Lightning 2.3",2,1168
"Lightning 2.4",2,1169
"Lightning 2.5",2,1227
"Lightning 2.6",2,1325
"Lightning 2.6.1",2,1403
"Lightning 2.6.2",2,1427
"Lightning 2.6.3",2,1428
"Lightning 2.6.4",2,1475
"Lightning 2.6.5",2,1546
"Lightning 2.6.6",2,1629
"Lightning 2.7",2,1346
"Lightning 2.8",2,1386
"Lightning 2.9",2,1402
"Lightning 3.0",2,1426
"Lightning 3.1",2,1489
"Lightning 3.2",2,1547
"Lightning 3.3",2,1575
"Lightning 3.4",2,1596
"Lightning 3.5",2,1628
"Lightning 3.6",2,1689
"Lightning 3.7",2,1720
"Lightning 3.8",2,1938
"Lightning 3.9",2,1954
"Lightning 4.0.0.1",2,2087
"Lightning 4.0.1",2,2307
"Lightning 4.0.1.2",2,2312
"Lightning 4.0.2",2,2308
"Lightning 4.0.2.1",2,2338
"Lightning 4.0.3",2,2339
"Lightning 4.0.4",2,2411
"Lightning 4.0.4.1",2,2412
"Lightning 4.0.5",2,2436
"Lightning 4.0.5.1",2,2530
"Lightning 4.0.5.2",2,2531
"Lightning 4.0.6",2,2532
"Lightning 4.0.7",2,2649
"Lightning 4.0.7.1",2,2650
"Lightning 4.0.7.2",2,2651
"Lightning 4.0.8",2,2707
"Lightning 4.1",2,2154
"Lightning 4.2",2,2173
"Lightning 4.3",2,2288
"Lightning 4.4",2,2313
"Lightning 4.5",2,2331
"Lightning 4.6",2,2340
"Lightning 4.7",2,2386
"Lightning 4.7.1",2,2710
"Lightning 4.7.1.1",2,2711
"Lightning 4.7.2",2,2810
"Lightning 4.7.3",2,2893
"Lightning 4.7.4",2,2901
"Lightning 4.7.5",2,2922
"Lightning 4.7.6",2,2944
"Lightning 4.7.7",2,3292
"Lightning 4.7.8",2,3314
"Lightning 4.8",2,2450
"Lightning 4.9",2,2545
"Lightning 5.0",2,2645
"Lightning 5.1",2,2706
"Lightning 5.2",2,2728
"Lightning 5.3",2,2892
"Lightning 5.4",2,2900
"Lightning 5.4.0.1",2,3400
"Lightning 5.4.1",2,3401
"Lightning 5.4.1.1",2,3402
"Lightning 5.4.2",2,3415
"Lightning 5.4.2.1",2,3417
"Lightning 5.4.3",2,3414
"Lightning 5.4.4",2,3562
"Lightning 5.4.5",2,3582
"Lightning 5.4.6",2,3587
"Lightning 5.4.7",2,3612
"Lightning 5.4.8",2,3902
"Lightning 5.5",2,2943
"Lightning 5.6",2,3312
"Lightning 5.7",2,3331
"Lightning 5.8",2,3413
"Lightning 5.9",2,3497
"Lightning 6.0",2,3498
"Lightning 6.1",2,3570
"Lightning 6.2",2,3613
"Lightning 6.3",2,3901
"Lightning 6.4",2,4113
"Lightning 6.5",2,4259
"Mozilla 1.8 Branch",2,380
"Sunbird 0.2",2,19
"Sunbird 0.3",2,24
"Sunbird 0.3.1",2,348
"Sunbird 0.3a1",2,25
"Sunbird 0.3a2",2,26
"Sunbird 0.5",2,367
"Sunbird 0.7",2,382
"Sunbird 0.8",2,408
"Sunbird 0.9",2,441
"Sunbird 1.0b1",2,624
Trunk,2,27
unspecified,2,28
other,3,29
other,4,30
other,5,31
1998-03-31,7,32
1998-04-08,7,33
1998-04-29,7,34
1998-06-03,7,35
1998-07-28,7,36
1998-09-04,7,37
other,7,38
0.1,8,443
0.2,8,444
0.3,8,445
1.0,8,47
1.1,8,637
1.5,8,48
1.6,8,588
1.7,8,589
1.8,8,590
1.9,8,591
1.x,8,39
2.0,8,40
2.1,8,592
2.10,8,41
2.2,8,42
2.3,8,638
2.4,8,43
2.5,8,639
2.6,8,44
2.7,8,640
2.8,8,45
3.0,8,641
3.1,8,662
3.2,8,663
4.0,8,664
4.1,8,665
4.2,8,666
4.3,8,667
4.4,8,668
4.5,8,669
5.0,8,670
other,8,46
Trunk,8,49
3.0,9,50
3.0.1,9,51
3.1,9,52
3.1.1,9,53
3.1.2,9,54
3.1.3,9,55
3.2.1,9,56
3.4,9,57
3.5,9,58
3.5.1,9,59
4.0,9,60
4.0.1,9,61
4.0.2,9,62
4.1,9,63
4.1.1,9,64
4.1.2,9,65
4.1.3,9,66
4.10,9,895
4.10.1,9,1326
4.10.10,9,2383
4.10.2,9,1327
4.10.3,9,1328
4.10.4,9,1329
4.10.5,9,1330
4.10.6,9,1600
4.10.7,9,1601
4.10.8,9,1602
4.10.9,9,1603
4.11,9,1604
4.12,9,2384
4.13,9,2385
4.14,9,2920
4.15,9,2921
4.16,9,3407
4.17,9,3408
4.18,9,3409
4.19,9,3607
4.2,9,67
4.2.1,9,68
4.2.2,9,69
4.20,9,3608
4.21,9,3609
4.22,9,3610
4.23,9,3611
4.3,9,70
4.3.1,9,71
4.3.2,9,72
4.3.3,9,73
4.4,9,74
4.4.1,9,75
4.4.2,9,76
4.4.3,9,77
4.5,9,78
4.5.1,9,79
4.5.2,9,80
4.5.3,9,81
4.6,9,82
4.6.1,9,83
4.6.10,9,363
4.6.2,9,84
4.6.3,9,85
4.6.4,9,86
4.6.5,9,87
4.6.6,9,88
4.6.7,9,360
4.6.8,9,361
4.6.9,9,362
4.7,9,89
4.7.1,9,90
4.7.2,9,91
4.7.3,9,92
4.7.4,9,468
4.7.5,9,469
4.7.6,9,470
4.7.7,9,471
4.8,9,472
4.8.1,9,473
4.8.10,9,717
4.8.2,9,474
4.8.3,9,475
4.8.4,9,576
4.8.5,9,577
4.8.6,9,578
4.8.7,9,633
4.8.8,9,634
4.8.9,9,635
4.9,9,636
4.9.1,9,891
4.9.2,9,892
4.9.3,9,893
4.9.4,9,894
4.9.5,9,1140
4.9.6,9,1141
4.9.7,9,1142
4.9.8,9,1143
4.9.9,9,1144
other,9,93
other,10,94
1.5R1,11,95
1.5R2,11,96
1.5R3,11,97
1.5R4,11,98
1.5R4.1,11,99
1.5R5,11,100
1.6R1,11,101
1.6R2,11,339
1.6R3,11,340
1.6R4,11,341
1.6R5,11,342
1.6R6,11,364
1.7R1,11,365
head,11,102
other,11,103
unspecified,12,104
unspecified,13,105
"Firefox 11",15,1172
"Firefox 12",15,1173
"Firefox 13",15,1174
"Firefox 14",15,1175
"Firefox 15",15,1176
"Firefox 16",15,1177
"Firefox 17",15,1178
"Firefox 18",15,1179
"Firefox 19",15,1404
"Firefox 20",15,1405
"Firefox 21",15,1406
"Firefox 22",15,1407
"Firefox 23",15,1408
"Firefox 24",15,1409
"Firefox 25",15,1619
"Firefox 26",15,1620
"Firefox 27",15,1621
"Firefox 28",15,1622
"Firefox 29",15,1623
"Firefox 30",15,1624
"Firefox 31",15,1625
"Firefox 32",15,1626
"Firefox 33",15,1627
"Firefox 34",15,2030
"Firefox 35",15,2031
"Firefox 36",15,2032
"Firefox 37",15,2033
"Firefox 38",15,2034
"Firefox 39",15,2149
"Firefox 40",15,2166
"Firefox 41",15,2283
"Firefox 42",15,2301
"Firefox 43",15,2326
"Firefox 44",15,2349
"Firefox 45",15,2371
"Firefox 46",15,2445
"Firefox 47",15,2540
"Firefox 48",15,2607
"Firefox 49",15,2659
"Firefox 50",15,2725
"Firefox 51",15,2882
"Firefox 52",15,2912
"Firefox 53",15,2938
"Firefox 54",15,3303
"Firefox 55",15,3326
"Firefox 56",15,3452
"Firefox 57",15,3453
"Firefox 58",15,3454
"Firefox 59",15,3567
"Firefox 60",15,3605
"Firefox 61",15,3907
"Firefox 62",15,3916
Trunk,15,1171
unspecified,15,106
3.0,16,107
3.0.1,16,108
3.1,16,109
3.10,16,110
3.10.1,16,111
3.10.2,16,112
3.11,16,113
3.11.1,16,114
3.11.10,16,390
3.11.11,16,391
3.11.12,16,392
3.11.13,16,446
3.11.14,16,447
3.11.2,16,115
3.11.3,16,116
3.11.4,16,117
3.11.5,16,118
3.11.6,16,343
3.11.7,16,344
3.11.8,16,345
3.11.9,16,346
3.12,16,119
3.12.1,16,120
3.12.10,16,646
3.12.11,16,715
3.12.12,16,716
3.12.2,16,121
3.12.3,16,448
3.12.3.1,16,541
3.12.3.2,16,543
3.12.4,16,449
3.12.5,16,450
3.12.6,16,451
3.12.7,16,452
3.12.8,16,644
3.12.9,16,645
3.13,16,453
3.13.1,16,800
3.13.2,16,801
3.13.3,16,802
3.13.4,16,803
3.13.5,16,804
3.13.6,16,1001
3.14,16,805
3.14.1,16,1048
3.14.2,16,1049
3.14.3,16,1050
3.14.4,16,1051
3.14.5,16,1052
3.15,16,1199
3.15.1,16,1200
3.15.2,16,1201
3.15.3,16,1202
3.15.3.1,16,1476
3.15.3.2,16,1477
3.15.4,16,1203
3.15.5,16,1429
3.15.6,16,1430
3.16,16,1436
3.16.1,16,1432
3.16.2,16,1431
3.16.3,16,1433
3.16.4,16,1434
3.16.5,16,1435
3.17.1,16,1701
3.17.2,16,1702
3.17.3,16,1703
3.17.4,16,2089
3.17.5,16,2090
3.18,16,1704
3.18.1,16,2091
3.18.2,16,2092
3.19,16,2171
3.19.1,16,2210
3.19.2,16,2211
3.19.3,16,2309
3.19.4,16,2315
3.2,16,122
3.2.1,16,123
3.2.2,16,124
3.2.3,16,125
3.20,16,2172
3.20.1,16,2310
3.20.2,16,2311
3.21,16,2316
3.21.1,16,2317
3.22,16,2318
3.22.1,16,2578
3.22.2,16,2579
3.23,16,2653
3.23.1,16,2654
3.24,16,2655
3.25,16,2703
3.26,16,2704
3.27,16,2811
3.28,16,2812
3.28.1,16,3201
3.28.2,16,3202
3.29,16,2813
3.3,16,126
3.3.1,16,127
3.3.2,16,128
3.3.4,16,129
3.30,16,2814
3.30.2,16,3335
3.31,16,3308
3.32,16,3309
3.33,16,3310
3.34,16,3311
3.34.1,16,3579
3.35,16,3432
3.35.1,16,3580
3.36,16,3433
3.36.1,16,3903
3.36.2,16,3904
3.36.3,16,3905
3.37,16,3434
3.38,16,3435
3.39,16,4242
3.4,16,130
3.4.1,16,131
3.4.2,16,132
3.4.3,16,133
3.4.4,16,134
3.40,16,4243
3.41,16,4244
3.42,16,4245
3.5,16,135
3.6,16,136
3.6.1,16,137
3.7,16,138
3.7.1,16,139
3.7.2,16,140
3.7.3,16,141
3.7.4,16,142
3.7.5,16,143
3.7.6,16,144
3.7.7,16,145
3.7.8,16,146
3.8,16,147
3.8.1,16,148
3.8.2,16,149
3.8.3,16,150
3.9,16,151
3.9.1,16,152
3.9.2,16,153
3.9.3,16,154
3.9.4,16,155
3.9.5,16,156
3.9.6,16,157
3.9.7,16,158
4.0,16,159
other,16,3336
trunk,16,160
unspecified,16,161
unspecified,17,162
3.0,18,163
3.0.1,18,164
3.0.2,18,165
3.1,18,166
3.1.1,18,167
3.1.11,18,168
3.1.12,18,169
3.1.2,18,170
3.1.3,18,171
3.2,18,172
3.2.1,18,173
3.2.2,18,174
3.2.3,18,175
3.3,18,176
3.3.1,18,177
3.3.2,18,178
3.4,18,179
3.4.1,18,180
3.4.2,18,181
3.4.3,18,182
3.5,18,183
3.5.1,18,184
3.5.2,18,185
3.5.3,18,186
3.6,18,187
4.0,18,188
4.0.1,18,189
4.0.2,18,190
4.0.3,18,191
4.1,18,192
4.1.1,18,193
4.1.2,18,194
4.1.3,18,195
4.2,18,196
4.2.1,18,197
4.2.10,18,387
4.2.2,18,198
4.2.3,18,199
4.2.4,18,200
4.2.5,18,201
4.2.6,18,383
4.2.7,18,384
4.2.8,18,385
4.2.9,18,386
4.3,18,202
4.3.1,18,203
4.3.2,18,204
4.3.3,18,205
4.3.4,18,206
4.3.5,18,207
4.4,18,208
4.4.1,18,209
4.4.2,18,210
4.4.3,18,211
4.4.4,18,212
4.4.5,18,213
4.5,18,214
4.5.1,18,215
4.5.2,18,216
4.5.3,18,217
4.5.4,18,218
4.5.5,18,219
unspecified,18,220
2.10,19,221
2.11,19,222
2.12,19,223
2.13,19,224
2.14,19,225
2.14.1,19,226
2.14.2,19,227
2.14.3,19,228
2.14.4,19,229
2.14.5,19,230
2.15,19,231
2.16,19,232
2.16.1,19,233
2.16.10,19,234
2.16.11,19,235
2.16.2,19,236
2.16.3,19,237
2.16.4,19,238
2.16.5,19,239
2.16.6,19,240
2.16.7,19,241
2.16.8,19,242
2.16.9,19,243
2.17,19,244
2.17.1,19,245
2.17.2,19,246
2.17.3,19,247
2.17.4,19,248
2.17.5,19,249
2.17.6,19,250
2.17.7,19,251
2.18,19,252
2.18.1,19,253
2.18.2,19,254
2.18.3,19,255
2.18.4,19,256
2.18.5,19,257
2.18.6,19,258
2.19,19,259
2.19.1,19,260
2.19.2,19,261
2.19.3,19,262
2.20,19,263
2.20.1,19,264
2.20.2,19,265
2.20.3,19,266
2.20.4,19,350
2.20.5,19,374
2.20.6,19,401
2.20.7,19,465
2.21,19,267
2.22,19,268
2.22.1,19,269
2.22.2,19,351
2.22.3,19,372
2.22.4,19,402
2.22.5,19,438
2.22.6,19,466
2.22.7,19,497
2.23,19,270
2.23.1,19,271
2.23.2,19,272
2.23.3,19,273
2.23.4,19,352
3.0,19,353
3.0.1,19,371
3.0.10,19,568
3.0.11,19,593
3.0.2,19,377
3.0.3,19,389
3.0.4,19,400
3.0.5,19,439
3.0.6,19,467
3.0.7,19,496
3.0.8,19,498
3.0.9,19,565
3.1,19,354
3.1.1,19,373
3.1.2,19,378
3.1.3,19,393
3.1.4,19,399
3.2,19,440
3.2.1,19,495
3.2.10,19,685
3.2.2,19,499
3.2.3,19,505
3.2.4,19,536
3.2.5,19,564
3.2.6,19,594
3.2.7,19,626
3.2.8,19,649
3.2.9,19,657
3.3,19,411
3.3.1,19,486
3.3.2,19,494
3.3.3,19,500
3.3.4,19,506
3.4,19,537
3.4.1,19,542
3.4.10,19,686
3.4.11,19,711
3.4.12,19,776
3.4.13,19,870
3.4.14,19,887
3.4.2,19,563
3.4.3,19,567
3.4.4,19,571
3.4.5,19,595
3.4.6,19,602
3.4.7,19,627
3.4.8,19,650
3.4.9,19,658
3.5,19,504
3.5.1,19,569
3.5.2,19,572
3.5.3,19,596
3.6,19,603
3.6.1,19,628
3.6.10,19,1023
3.6.11,19,1042
3.6.12,19,1136
3.6.13,19,1197
3.6.2,19,651
3.6.3,19,659
3.6.4,19,681
3.6.5,19,712
3.6.6,19,775
3.6.7,19,869
3.6.8,19,888
3.6.9,19,953
3.7,19,597
3.7.1,19,629
3.7.2,19,632
3.7.3,19,652
4.0,19,660
4.0.1,19,713
4.0.10,19,1196
4.0.11,19,1411
4.0.12,19,1580
4.0.13,19,1584
4.0.14,19,1692
4.0.15,19,1864
4.0.16,19,2093
4.0.17,19,2132
4.0.18,19,2291
4.0.2,19,774
4.0.3,19,868
4.0.4,19,889
4.0.5,19,896
4.0.6,19,954
4.0.7,19,1022
4.0.8,19,1043
4.0.9,19,1137
4.1,19,647
4.1.1,19,696
4.1.2,19,714
4.1.3,19,773
4.2,19,871
4.2.1,19,955
4.2.10,19,1691
4.2.11,19,1865
4.2.12,19,2094
4.2.13,19,2131
4.2.14,19,2290
4.2.15,19,2335
4.2.16,19,2453
4.2.2,19,1021
4.2.3,19,1044
4.2.4,19,1138
4.2.5,19,1195
4.2.6,19,1331
4.2.7,19,1412
4.2.8,19,1579
4.2.9,19,1583
4.3,19,786
4.3.1,19,956
4.3.2,19,1024
4.3.3,19,1045
4.4,19,1139
4.4.1,19,1413
4.4.10,19,2336
4.4.11,19,2452
4.4.12,19,2702
4.4.2,19,1530
4.4.3,19,1578
4.4.4,19,1582
4.4.5,19,1693
4.4.6,19,1866
4.4.7,19,2095
4.4.8,19,2130
4.4.9,19,2289
4.5,19,1046
4.5.1,19,1414
4.5.2,19,1531
4.5.3,19,1577
4.5.4,19,1581
4.5.5,19,1690
4.5.6,19,1867
5.0,19,2096
5.0.1,19,2337
5.0.2,19,2451
5.0.3,19,2701
5.1,19,1939
5.1.1,19,2712
Harmony,19,3586
unspecified,19,274
"1.8 Branch",20,275
"1.9.0 Branch",20,599
"1.9.2 Branch",20,600
Trunk,20,276
unspecified,20,277
"1.0 Branch",21,278
"1.5.0.x Branch",21,279
"10 Branch",21,796
"11 Branch",21,811
"12 Branch",21,825
"13 Branch",21,878
"14 Branch",21,900
"15 Branch",21,961
"16 Branch",21,992
"17 Branch",21,1012
"18 Branch",21,1035
"19 Branch",21,1087
"2.0 Branch",21,280
"20 Branch",21,1146
"21 Branch",21,1160
"22 Branch",21,1187
"23 Branch",21,1219
"24 Branch",21,1316
"25 Branch",21,1335
"26 Branch",21,1378
"27 Branch",21,1393
"28 Branch",21,1417
"29 Branch",21,1480
"3.0 Branch",21,403
"3.5 Branch",21,476
"3.6 Branch",21,553
"30 Branch",21,1534
"31 Branch",21,1552
"32 Branch",21,1587
"33 Branch",21,1610
"34 Branch",21,1680
"35 Branch",21,1711
"36 Branch",21,1928
"37 Branch",21,1943
"38 Branch",21,2134
"39 Branch",21,2144
"4.0 Branch",21,695
"40 Branch",21,2160
"41 Branch",21,2278
"42 Branch",21,2296
"43 Branch",21,2321
"44 Branch",21,2342
"45 Branch",21,2366
"46 Branch",21,2440
"47 Branch",21,2535
"48 Branch",21,2603
"49 Branch",21,2665
"5 Branch",21,699
"50 Branch",21,2720
"51 Branch",21,2886
"52 Branch",21,2905
"53 Branch",21,2931
"54 Branch",21,3299
"55 Branch",21,3322
"56 Branch",21,3405
"57 Branch",21,3422
"58 Branch",21,3495
"59 Branch",21,3592
"6 Branch",21,751
"60 Branch",21,3593
"61 Branch",21,3886
"62 Branch",21,4251
"63 Branch",21,4252
"7 Branch",21,753
"8 Branch",21,760
"9 Branch",21,783
Trunk,21,281
unspecified,21,282
unspecified,22,283
0.9,23,284
1.0,23,285
1.5,23,286
"10 Branch",23,793
"11 Branch",23,814
"12 Branch",23,828
"13 Branch",23,881
"14 Branch",23,903
"15 Branch",23,964
"16 Branch",23,995
"17 Branch",23,1016
"18 Branch",23,1039
"19 Branch",23,1091
2.0,23,287
"20 Branch",23,1151
"21 Branch",23,1165
"22 Branch",23,1192
"23 Branch",23,1224
"24 Branch",23,1323
"25 Branch",23,1341
"26 Branch",23,1384
"27 Branch",23,1399
"28 Branch",23,1423
"29 Branch",23,1486
3.0,23,557
3.1,23,622
"30 Branch",23,1540
"31 Branch",23,1558
"32 Branch",23,1593
"33 Branch",23,1616
"34 Branch",23,1686
"35 Branch",23,1717
"36 Branch",23,1934
"37 Branch",23,1949
"38 Branch",23,2140
"39 Branch",23,2151
"40 Branch",23,2168
"41 Branch",23,2285
"42 Branch",23,2303
"43 Branch",23,2328
"44 Branch",23,2347
"45 Branch",23,2373
"46 Branch",23,2447
"47 Branch",23,2542
"48 Branch",23,2608
"49 Branch",23,2658
5.0,23,750
"50 Branch",23,2723
"51 Branch",23,2880
"52 Branch",23,2914
"53 Branch",23,2935
"54 Branch",23,3305
"55 Branch",23,3328
"56 Branch",23,3428
"57 Branch",23,3429
"58 Branch",23,3456
59,23,3574
"6 Branch",23,767
60,23,3600
61,23,3899
62,23,3918
63,23,3923
64,23,3924
"7 Branch",23,768
"8 Branch",23,769
"9 Branch",23,779
Trunk,23,288
unspecified,23,289
PocketPC,24,290
unspecified,24,291
WinCE,24,292
"1.0 Branch",25,293
"1.4 Branch",25,294
"1.7 Branch",25,295
"1.8 Branch",25,296
"1.9.0 Branch",25,432
Development,25,3926
"Other Branch",25,297
Production,25,3925
"SeaMonkey 1.0 Branch",25,357
"SeaMonkey 1.1 Branch",25,358
"SeaMonkey 2.0 Branch",25,570
"SeaMonkey 2.1 Branch",25,718
"SeaMonkey 2.10 Branch",25,966
"SeaMonkey 2.11 Branch",25,998
"SeaMonkey 2.12 Branch",25,1018
"SeaMonkey 2.13 Branch",25,1041
"SeaMonkey 2.14 Branch",25,1093
"SeaMonkey 2.15 Branch",25,1153
"SeaMonkey 2.16 Branch",25,1167
"SeaMonkey 2.17 Branch",25,1194
"SeaMonkey 2.18 Branch",25,1226
"SeaMonkey 2.19 Branch",25,1321
"SeaMonkey 2.2 Branch",25,719
"SeaMonkey 2.20 Branch",25,1343
"SeaMonkey 2.21 Branch",25,1344
"SeaMonkey 2.22 Branch",25,1345
"SeaMonkey 2.23 Branch",25,1387
"SeaMonkey 2.24 Branch",25,1401
"SeaMonkey 2.25 Branch",25,1425
"SeaMonkey 2.26 Branch",25,1488
"SeaMonkey 2.27 Branch",25,1542
"SeaMonkey 2.28 Branch",25,1576
"SeaMonkey 2.29 Branch",25,1595
"SeaMonkey 2.3 Branch",25,720
"SeaMonkey 2.30 Branch",25,1618
"SeaMonkey 2.31 Branch",25,1688
"SeaMonkey 2.32 Branch",25,1719
"SeaMonkey 2.33 Branch",25,1936
"SeaMonkey 2.34 Branch",25,1951
"SeaMonkey 2.35 Branch",25,2029
"SeaMonkey 2.36 Branch",25,2153
"SeaMonkey 2.37 Branch",25,2170
"SeaMonkey 2.38 Branch",25,2287
"SeaMonkey 2.39 Branch",25,2305
"SeaMonkey 2.4 Branch",25,766
"SeaMonkey 2.40 Branch",25,2330
"SeaMonkey 2.41 Branch",25,2352
"SeaMonkey 2.42 Branch",25,2375
"SeaMonkey 2.43 Branch",25,2449
"SeaMonkey 2.44 Branch",25,2544
"SeaMonkey 2.45 Branch",25,2610
"SeaMonkey 2.46 Branch",25,2667
"SeaMonkey 2.47 Branch",25,2727
"SeaMonkey 2.48 Branch",25,2891
"SeaMonkey 2.49 Branch",25,2916
"SeaMonkey 2.5 Branch",25,778
"SeaMonkey 2.50 Branch",25,2939
"SeaMonkey 2.51 Branch",25,3307
"SeaMonkey 2.52 Branch",25,3330
"SeaMonkey 2.53 Branch",25,3416
"SeaMonkey 2.54 Branch",25,3427
"SeaMonkey 2.55 Branch",25,3458
"SeaMonkey 2.56 Branch",25,3577
"SeaMonkey 2.57 Branch",25,3578
"SeaMonkey 2.58 Branch",25,3601
"SeaMonkey 2.59 Branch",25,3602
"SeaMonkey 2.6 Branch",25,816
"SeaMonkey 2.60 Branch",25,3603
"SeaMonkey 2.61 Branch",25,3900
"SeaMonkey 2.7 Branch",25,830
"SeaMonkey 2.8 Branch",25,883
"SeaMonkey 2.9 Branch",25,905
Trunk,25,298
unspecified,25,299
0.1,27,301
0.2,27,302
0.3,27,303
0.4,27,304
0.5,27,305
0.6,27,306
0.7,27,307
0.8,27,308
0.9,27,309
1.0,27,310
other,27,311
.5,28,653
1.0,28,654
"1.0 Branch",28,312
"1.4 Branch",28,313
"1.7 Branch",28,314
"1.8 Branch",28,315
"1.9.0 Branch",28,404
"1.9.1 Branch",28,478
"1.9.2 Branch",28,555
2.0,28,655
5,28,701
"Other Branch",28,316
Trunk,28,317
unspecified,28,318
"1.0 Branch",30,1208
"1.5.0.x Branch",30,1209
"1.7 Branch",30,436
"1.8 Branch",30,320
"1.8.0 Branch",30,437
"1.9.0 Branch",30,406
"1.9.1 Branch",30,479
"1.9.2 Branch",30,558
"10 Branch",30,794
"11 Branch",30,815
"12 Branch",30,829
"13 Branch",30,882
"14 Branch",30,904
"15 Branch",30,965
"16 Branch",30,996
"17 Branch",30,1017
"18 Branch",30,1040
"19 Branch",30,1092
2.0,30,2615
"2.0 Branch",30,698
"20 Branch",30,1152
"21 Branch",30,1166
"22 Branch",30,1193
"23 Branch",30,1225
"24 Branch",30,1324
"25 Branch",30,1342
"26 Branch",30,1385
"27 Branch",30,1400
"28 Branch",30,1424
"29 Branch",30,1487
3.0,30,2614
"3.0 Branch",30,1210
3.2,30,2613
"3.5 Branch",30,1211
"3.6 Branch",30,1212
"30 Branch",30,1541
"31 Branch",30,1559
"32 Branch",30,1594
"33 Branch",30,1617
"34 Branch",30,1687
"35 Branch",30,1718
"36 Branch",30,1935
"37 Branch",30,1950
"38 Branch",30,2141
"39 Branch",30,2152
"4.0 Branch",30,1213
4.x,30,2612
"40 Branch",30,2169
"41 Branch",30,2286
"42 Branch",30,2304
"43 Branch",30,2329
"44 Branch",30,2346
"45 Branch",30,2374
"46 Branch",30,2448
"47 Branch",30,2541
"48 Branch",30,2604
"49 Branch",30,2656
"5 Branch",30,700
"50 Branch",30,2726
"51 Branch",30,2881
"52 Branch",30,2915
"53 Branch",30,2936
"54 Branch",30,3304
"55 Branch",30,3329
"56 Branch",30,3404
"57 Branch",30,3424
"58 Branch",30,3457
"59 Branch",30,3569
"6 Branch",30,756
"60 Branch",30,3597
"61 Branch",30,3885
"62 Branch",30,3919
"63 Branch",30,4257
"7 Branch",30,757
"8 Branch",30,761
"9 Branch",30,780
BW-2.0,30,2611
Trunk,30,321
unspecified,30,322
0.9,31,323
1.0,31,324
2.0,31,325
3.0,31,338
3.2,31,388
4.x,31,464
"ACR 2.*",31,2155
ACR-0.*,31,619
ACR-0.8.6,31,765
ACR-0.9,31,790
ACR-1.*,31,620
BW-1.1.x,31,601
BW-1.2,31,675
BW-1.2.1,31,676
BW-2.0,31,683
unspecified,31,326
1.0,34,327
2.0,34,328
3.0,34,396
Beta,36,986
Development,36,1698
"Firefox 4",36,691
"Firefox 5",36,692
"Firefox 6",36,693
other,36,435
Production,36,1700
Staging,36,1699
Trunk,36,907
unspecified,36,329
unspecified,37,330
0.7,38,331
1.0,38,332
1.1,38,333
1.2,38,359
1.3,38,375
1.3.1,38,376
2.0,38,395
2.1,38,485
2.2,38,484
2.3,38,574
2.3.1,38,581
2.4,38,648
2.5,38,1019
3.0,38,2157
unspecified,38,334
0.1,39,335
0.5,39,501
1.0,39,502
Trunk,39,336
unspecified,39,337
0.1,40,487
0.2,40,488
0.3,40,489
Trunk,40,490
unspecified,40,347
unspecified,41,356
unspecified,42,368
unspecified,43,369
unspecified,44,379
"11 Branch",46,3614
"12 Branch",46,3615
"13 Branch",46,3616
"14 Branch",46,3617
"15 Branch",46,3618
"16 Branch",46,3619
"17 Branch",46,3620
"18 Branch",46,3621
"19 Branch",46,3622
"20 Branch",46,3623
"21 Branch",46,3624
"22 Branch",46,3625
"23 Branch",46,3626
"24 Branch",46,3627
"25 Branch",46,3628
"26 Branch",46,3629
"27 Branch",46,3630
"28 Branch",46,3631
"29 Branch",46,3632
"30 Branch",46,3633
"31 Branch",46,3634
"32 Branch",46,3635
"33 Branch",46,3636
"34 Branch",46,3637
"35 Branch",46,3638
"36 Branch",46,3639
"37 Branch",46,3640
"38 Branch",46,3641
"39 Branch",46,3642
"40 Branch",46,3643
"41 Branch",46,3644
"42 Branch",46,3645
"43 Branch",46,3646
"44 Branch",46,3647
"45 Branch",46,3648
"46 Branch",46,3649
"47 Branch",46,3650
"48 Branch",46,3651
"49 Branch",46,3652
"50 Branch",46,3653
"51 Branch",46,3654
"52 Branch",46,3655
"53 Branch",46,3656
"54 Branch",46,3657
"55 Branch",46,3658
"56 Branch",46,3659
"57 Branch",46,3660
"58 Branch",46,3661
"59 Branch",46,3662
"60 Branch",46,3663
"Fennec 1.1",46,566
"Firefox 10",46,798
"Firefox 11",46,810
"Firefox 12",46,824
"Firefox 13",46,876
"Firefox 14",46,898
"Firefox 15",46,959
"Firefox 16",46,990
"Firefox 17",46,2099
"Firefox 18",46,2100
"Firefox 19",46,2101
"Firefox 20",46,2102
"Firefox 21",46,2103
"Firefox 22",46,2104
"Firefox 23",46,2105
"Firefox 24",46,2106
"Firefox 25",46,2107
"Firefox 26",46,2108
"Firefox 27",46,2109
"Firefox 28",46,2110
"Firefox 29",46,2111
"Firefox 30",46,2112
"Firefox 31",46,2113
"Firefox 32",46,2114
"Firefox 33",46,2115
"Firefox 34",46,2116
"Firefox 35",46,2117
"Firefox 36",46,2118
"Firefox 37",46,2119
"Firefox 38",46,2120
"Firefox 39",46,3664
"Firefox 4.0",46,705
"Firefox 40",46,3665
"Firefox 41",46,3666
"Firefox 42",46,3667
"Firefox 43",46,3668
"Firefox 44",46,3669
"Firefox 45",46,3670
"Firefox 46",46,3671
"Firefox 47",46,3672
"Firefox 48",46,3673
"Firefox 49",46,3674
"Firefox 5",46,706
"Firefox 50",46,3675
"Firefox 51",46,3676
"Firefox 52",46,3677
"Firefox 53",46,3678
"Firefox 54",46,3679
"Firefox 55",46,3680
"Firefox 56",46,3681
"Firefox 57",46,3682
"Firefox 58",46,3683
"Firefox 59",46,3684
"Firefox 6",46,727
"Firefox 60",46,3685
"Firefox 7",46,728
"Firefox 8",46,729
"Firefox 9",46,784
Trunk,46,397
unspecified,46,2121
"1.9.0 Branch",47,480
"1.9.1 Branch",47,481
"1.9.2 Branch",47,556
"10 Branch",47,795
"11 Branch",47,813
"12 Branch",47,827
"13 Branch",47,880
"14 Branch",47,902
"15 Branch",47,963
"16 Branch",47,994
"17 Branch",47,1015
"18 Branch",47,1038
"19 Branch",47,1090
"2.0 Branch",47,703
"20 Branch",47,1150
"21 Branch",47,1164
"22 Branch",47,1191
"23 Branch",47,1223
"24 Branch",47,1322
"25 Branch",47,1340
"26 Branch",47,1383
"27 Branch",47,1398
"28 Branch",47,1422
"29 Branch",47,1485
"30 Branch",47,1539
"31 Branch",47,1557
"32 Branch",47,1592
"33 Branch",47,1615
"34 Branch",47,1685
"35 Branch",47,1716
"36 Branch",47,1933
"37 Branch",47,1948
"38 Branch",47,2139
"39 Branch",47,2150
"40 Branch",47,2167
"41 Branch",47,2284
"42 Branch",47,2302
"43 Branch",47,2327
"44 Branch",47,2348
"45 Branch",47,2372
"46 Branch",47,2446
"47 Branch",47,2543
"48 Branch",47,2609
"49 Branch",47,2657
"5 Branch",47,704
"50 Branch",47,2724
"51 Branch",47,2879
"52 Branch",47,2913
"53 Branch",47,2937
"54 Branch",47,3306
"55 Branch",47,3327
"56 Branch",47,3425
"57 Branch",47,3426
"58 Branch",47,3455
"59 Branch",47,3568
"6 Branch",47,762
"60 Branch",47,3606
"61 Branch",47,3895
"62 Branch",47,3917
"63 Branch",47,4256
"7 Branch",47,763
"8 Branch",47,764
"9 Branch",47,782
"Other Branch",47,482
Trunk,47,483
unspecified,47,409
"Version 1",47,2526
"Version 2",47,2527
"Version 3",47,2528
other,48,410
"1.0 Branch",49,414
"1.4 Branch",49,415
"1.7 Branch",49,416
"1.8 Branch",49,417
"1.9.0 Branch",49,418
"1.9.1 Branch",49,491
"1.9.2 Branch",49,552
"10 Branch",49,939
"11 Branch",49,940
"12 Branch",49,941
"13 Branch",49,942
"14 Branch",49,943
"15 Branch",49,1128
"16 Branch",49,1129
"17 Branch",49,1130
"18 Branch",49,1131
"19 Branch",49,1132
"2.0 Branch",49,944
"20 Branch",49,1560
"21 Branch",49,1561
"22 Branch",49,1562
"23 Branch",49,1563
"24 Branch",49,1564
"25 Branch",49,1565
"26 Branch",49,1566
"27 Branch",49,1567
"28 Branch",49,1568
"29 Branch",49,1569
"30 Branch",49,1570
"31 Branch",49,1571
"32 Branch",49,1695
"33 Branch",49,1696
"34 Branch",49,1697
"35 Branch",49,1721
"36 Branch",49,1955
"37 Branch",49,1956
"38 Branch",49,2421
"39 Branch",49,2422
"40 Branch",49,2423
"41 Branch",49,2424
"42 Branch",49,2425
"43 Branch",49,2426
"44 Branch",49,2427
"45 Branch",49,2428
"46 Branch",49,2646
"47 Branch",49,2647
"48 Branch",49,2648
"49 Branch",49,2715
"5 Branch",49,945
"50 Branch",49,2794
"51 Branch",49,2917
"52 Branch",49,2918
"6 Branch",49,946
"7 Branch",49,947
"8 Branch",49,948
"9 Branch",49,949
"Other Branch",49,419
Trunk,49,422
unspecified,49,412
"1.0 Branch",50,423
"1.4 Branch",50,424
"1.7 Branch",50,425
"1.8 Branch",50,426
"1.9.0 Branch",50,427
"1.9.1 Branch",50,492
"1.9.2 Branch",50,554
10,50,797
11,50,812
12,50,826
13,50,879
14,50,901
15,50,962
16,50,993
17,50,1014
18,50,1037
19,50,1089
20,50,1149
21,50,1163
22,50,1190
23,50,1222
24,50,1320
25,50,1339
26,50,1382
27,50,1397
28,50,1421
29,50,1484
30,50,1538
31,50,1556
32,50,1591
33,50,1614
34,50,1684
35,50,1715
36,50,1932
37,50,1947
38,50,2137
39,50,2148
40,50,2164
41,50,2281
42,50,2299
43,50,2324
44,50,2350
45,50,2369
46,50,2443
47,50,2539
48,50,2606
49,50,2661
5.0,50,758
50,50,2722
51,50,2885
52,50,2910
53,50,2933
54,50,3300
55,50,3325
56,50,3430
57,50,3431
58,50,3448
59,50,3573
6,50,770
60,50,3598
61,50,3897
62,50,3914
63,50,3921
64,50,3922
7,50,771
8,50,772
9,50,781
"Other Branch",50,428
Trunk,50,431
unspecified,50,413
unspecified,51,493
0.1,53,508
0.1.1,53,509
0.1.2,53,510
0.1.3,53,511
0.1.4,53,512
0.1.5,53,513
0.1.6,53,514
0.2.0,53,515
0.2.1,53,516
0.2.2,53,524
0.2.3,53,525
0.3.0,53,517
0.3.1,53,538
0.4.0,53,539
0.4.1,53,540
0.4.2,53,544
0.4.3,53,559
0.4.4,53,560
0.4.5,53,561
0.5,53,545
0.5.1,53,546
0.5.2,53,547
0.6,53,548
0.6.1,53,549
0.6.2,53,550
0.7.0,53,598
Trunk,53,518
unspecified,53,507
"1.0 Branch",54,530
"1.7 Branch",54,531
"1.8 Branch",54,532
"Other Branch",54,533
Trunk,54,534
unspecified,54,529
"1.0 Branch",55,3499
"1.5.0.x Branch",55,3500
"10 Branch",55,3501
"11 Branch",55,3502
"12 Branch",55,3503
"13 Branch",55,3504
"14 Branch",55,3505
"15 Branch",55,3506
"16 Branch",55,3507
"17 Branch",55,3508
"18 Branch",55,3509
"19 Branch",55,3510
"2.0 Branch",55,3511
"20 Branch",55,3512
"21 Branch",55,3513
"22 Branch",55,3514
"23 Branch",55,3515
"24 Branch",55,3516
"25 Branch",55,3517
"26 Branch",55,3518
"27 Branch",55,3519
"28 Branch",55,3520
"29 Branch",55,3521
"3.0 Branch",55,3522
"3.5 Branch",55,3523
"3.6 Branch",55,3524
"30 Branch",55,3525
"31 Branch",55,3526
"32 Branch",55,3527
"33 Branch",55,3528
"34 Branch",55,3529
"35 Branch",55,3530
"36 Branch",55,3531
"37 Branch",55,3532
"38 Branch",55,3533
"39 Branch",55,3534
"4.0 Branch",55,3535
"40 Branch",55,3536
"41 Branch",55,3537
"42 Branch",55,3538
"43 Branch",55,3539
"44 Branch",55,3540
"45 Branch",55,3541
"46 Branch",55,3542
"47 Branch",55,3543
"48 Branch",55,3544
"49 Branch",55,3545
"5 Branch",55,3546
"50 Branch",55,3547
"51 Branch",55,3548
"52 Branch",55,3549
"53 Branch",55,3550
"54 Branch",55,3551
"55 Branch",55,3552
"56 Branch",55,3553
"57 Branch",55,3554
"58 Branch",55,3555
"59 Branch",55,3589
"6 Branch",55,3556
"60 Branch",55,3590
"61 Branch",55,3890
"62 Branch",55,4246
"63 Branch",55,4247
"7 Branch",55,3557
"8 Branch",55,3558
"9 Branch",55,3559
other,55,1868
Trunk,55,3560
unspecified,55,535
unspecified,56,573
unspecified,57,575
unspecified,58,579
0.1,59,677
0.2,59,1347
0.3,59,1348
1.0,59,583
1.1,59,1349
1.5,59,584
1.6,59,1350
1.7,59,1351
1.8,59,1352
1.9,59,1353
1.x,59,1354
2.0,59,585
2.1,59,1355
2.10,59,1356
2.2,59,586
2.3,59,1357
2.4,59,1358
2.5,59,1359
2.6,59,1360
2.7,59,1361
2.8,59,1362
3.0,59,1363
3.1,59,1364
3.2,59,1365
4.0,59,1366
4.1,59,1367
4.2,59,1368
4.3,59,1369
4.4,59,1370
4.5,59,1371
5.0,59,1372
other,59,582
Trunk,59,587
0.x,60,605
1.x,60,606
10.0,60,687
10.1,60,688
10.2,60,689
10.3,60,690
10.x,60,615
11.x,60,616
12.x,60,617
13.x,60,684
14.x,60,2622
15.x,60,2623
16.x,60,2624
17.x,60,2625
18.x,60,2626
19.x,60,2627
2.x,60,607
20.x,60,2628
21.x,60,3203
22.x,60,3204
23.x,60,3205
24.x,60,3206
3.x,60,608
4.x,60,609
5.x,60,610
6.x,60,611
7.x,60,612
8.x,60,613
9.x,60,614
unspecified,60,604
Beta,62,1155
Development,62,1705
"Firefox 4",62,787
"Firefox 5",62,788
"Firefox 6",62,789
other,62,643
Production,62,1706
Staging,62,1707
Trunk,62,1156
unspecified,62,642
unspecified,63,656
"38 Branch",64,2088
"39 Branch",64,2138
"40 Branch",64,2165
"41 Branch",64,2282
"42 Branch",64,2300
"43 Branch",64,2325
"44 Branch",64,2351
"45 Branch",64,2370
"46 Branch",64,2444
"47 Branch",64,2538
"48 Branch",64,2605
"49 Branch",64,2660
"50 Branch",64,2721
"51 Branch",64,2883
"52 Branch",64,2911
"53 Branch",64,2932
"54 Branch",64,3302
"55 Branch",64,3324
"56 Branch",64,3449
"57 Branch",64,3450
"58 Branch",64,3451
"59 Branch",64,3566
"60 Branch",64,3604
"61 Branch",64,3898
"62 Branch",64,3915
unspecified,64,661
"Version 1",64,1549
"Version 2",64,1597
"Version 3",64,1952
"Version 4",64,2529
"1.0 Branch",65,1722
"1.5.0.x Branch",65,1723
"1.7 Branch",65,1724
"1.8 Branch",65,672
"1.8.0 Branch",65,673
"1.9.0 Branch",65,1725
"1.9.1 Branch",65,1726
"1.9.2 Branch",65,1727
"10 Branch",65,1728
"11 Branch",65,1729
"12 Branch",65,1730
"13 Branch",65,1731
"14 Branch",65,1732
"15 Branch",65,1733
"16 Branch",65,1734
"17 Branch",65,1735
"18 Branch",65,1736
"19 Branch",65,1737
2.0,65,2795
"2.0 Branch",65,1738
"20 Branch",65,1739
"21 Branch",65,1740
"22 Branch",65,1741
"23 Branch",65,1742
"24 Branch",65,1743
"25 Branch",65,1744
"26 Branch",65,1745
"27 Branch",65,1746
"28 Branch",65,1747
"29 Branch",65,1748
3.0,65,2796
"3.0 Branch",65,1749
3.2,65,2797
"3.5 Branch",65,1750
"3.6 Branch",65,1751
"30 Branch",65,1752
"31 Branch",65,1753
"32 Branch",65,1754
"33 Branch",65,1755
"34 Branch",65,1756
"35 Branch",65,1757
"36 Branch",65,2580
"37 Branch",65,2581
"38 Branch",65,2582
"39 Branch",65,2583
"4.0 Branch",65,1758
4.x,65,2798
"40 Branch",65,2584
"41 Branch",65,2585
"42 Branch",65,2586
"43 Branch",65,2587
"44 Branch",65,2588
"45 Branch",65,2589
"46 Branch",65,2590
"47 Branch",65,2591
"48 Branch",65,2799
"49 Branch",65,2800
"5 Branch",65,1759
"50 Branch",65,2801
"6 Branch",65,1760
"7 Branch",65,1761
"8 Branch",65,1762
"9 Branch",65,1763
BW-2.0,65,2802
Trunk,65,674
unspecified,65,671
0.1,66,2708
0.2,66,679
0.3,66,2709
Trunk,66,680
unspecified,66,678
unspecified,67,682
"0.1 - Solkar",68,884
"0.2 - Skon",68,885
"0.2.5 - Sasak",68,950
"0.3 - Sarek",68,886
"0.3.5 - Amanda",68,1010
"0.4 - Selek",68,951
400,68,1261
401,68,1262
402,68,1263
403,68,1264
404,68,1265
405,68,1266
406,68,1267
407,68,1268
408,68,1269
409,68,1270
410,68,1271
411,68,1272
412,68,1273
413,68,1274
414,68,1275
415,68,1276
416,68,1277
417,68,1278
418,68,1279
419,68,1280
420,68,1281
421,68,1282
422,68,1284
423,68,1283
424,68,1285
425,68,1286
426,68,1287
427,68,1288
428,68,1289
429,68,1290
430,68,1291
431,68,1292
432,68,1293
433,68,1294
434,68,1295
435,68,1297
436,68,1296
437,68,1298
438,68,1299
439,68,1300
440,68,1301
441,68,1302
442,68,1303
443,68,1304
444,68,1305
445,68,1306
446,68,1307
447,68,1308
448,68,1309
449,68,1310
450,68,1311
451,68,2035
452,68,2036
453,68,2037
454,68,2038
455,68,2039
456,68,2040
457,68,2041
458,68,2042
459,68,2043
460,68,2044
461,68,2045
462,68,2046
463,68,2047
464,68,2048
465,68,2049
466,68,2050
467,68,2051
468,68,2052
469,68,2053
470,68,2054
471,68,2055
472,68,2056
473,68,2057
474,68,2058
475,68,2059
476,68,2060
477,68,2061
478,68,2062
479,68,2063
480,68,2064
481,68,2065
482,68,2066
483,68,2067
484,68,2068
485,68,2069
486,68,2070
487,68,2071
488,68,2072
489,68,2073
490,68,2074
491,68,2075
492,68,2076
493,68,2077
494,68,2078
495,68,2079
496,68,2080
497,68,2081
498,68,2082
499,68,2083
500,68,2084
501,68,3207
502,68,3208
503,68,3209
504,68,3210
505,68,3211
506,68,3212
507,68,3213
508,68,3214
509,68,3215
510,68,3216
511,68,3217
512,68,3218
513,68,3219
514,68,3220
515,68,3221
516,68,3222
517,68,3223
518,68,3224
519,68,3225
520,68,3226
521,68,3227
522,68,3228
523,68,3229
524,68,3230
525,68,3231
526,68,3232
527,68,3233
528,68,3234
529,68,3235
530,68,3236
531,68,3237
532,68,3238
533,68,3239
534,68,3240
535,68,3241
536,68,3242
537,68,3243
538,68,3244
539,68,3245
540,68,3246
541,68,3247
542,68,3248
543,68,3249
544,68,3250
545,68,3251
546,68,3252
547,68,3253
548,68,3254
549,68,3255
550,68,3256
next,68,1524
unspecified,68,694
unspecified,69,707
Development,70,709
Merge,70,2652
other,70,710
Production,70,708
Staging,70,3906
1.0,71,736
1.1,71,737
1.5,71,739
1.6,71,740
1.7,71,741
1.8,71,743
1.9,71,745
1.x,71,747
2.0,71,742
2.1,71,744
2.2,71,746
3.0,71,734
3.1,71,735
3.2,71,738
4.0,71,733
4.2,71,731
other,71,732
Trunk,71,748
unspecified,71,721
1.0,72,723
2.0,72,724
3.0,72,725
4.0,72,726
unspecified,72,722
unspecified,73,749
"11 Branch",74,831
"12 Branch",74,832
"13 Branch",74,877
"14 Branch",74,899
"15 Branch",74,960
"16 Branch",74,991
"17 Branch",74,1013
"18 Branch",74,1036
"19 Branch",74,1088
"20 Branch",74,1147
"21 Branch",74,1161
"22 Branch",74,1188
"23 Branch",74,1220
"24 Branch",74,1317
"25 Branch",74,1336
"26 Branch",74,1379
"27 Branch",74,1394
"28 Branch",74,1418
"29 Branch",74,1481
"30 Branch",74,1535
"31 Branch",74,1553
"32 Branch",74,1588
"33 Branch",74,1611
"34 Branch",74,1681
"35 Branch",74,1712
"36 Branch",74,1929
"37 Branch",74,1944
"38 Branch",74,2085
"39 Branch",74,2145
"40 Branch",74,2161
"41 Branch",74,2279
"42 Branch",74,2297
"43 Branch",74,2322
"44 Branch",74,2344
"45 Branch",74,2367
"46 Branch",74,2441
"47 Branch",74,2534
"48 Branch",74,2599
"49 Branch",74,2662
"50 Branch",74,2719
"51 Branch",74,2887
"52 Branch",74,2906
"53 Branch",74,2930
"54 Branch",74,3298
"55 Branch",74,3321
"56 Branch",74,3406
"57 Branch",74,3423
"58 Branch",74,3441
"59 Branch",74,3595
"60 Branch",74,3596
"Firefox 22",74,3460
"Firefox 23",74,3461
"Firefox 24",74,3462
"Firefox 25",74,3463
"Firefox 26",74,3464
"Firefox 27",74,3465
"Firefox 28",74,3466
"Firefox 29",74,3467
"Firefox 30",74,3468
"Firefox 31",74,3469
"Firefox 32",74,3470
"Firefox 33",74,3471
"Firefox 34",74,3472
"Firefox 35",74,3473
"Firefox 36",74,3474
"Firefox 37",74,3475
"Firefox 38",74,3476
"Firefox 39",74,3477
"Firefox 40",74,3478
"Firefox 41",74,3479
"Firefox 42",74,3480
"Firefox 43",74,3481
"Firefox 44",74,3482
"Firefox 45",74,3483
"Firefox 46",74,3484
"Firefox 47",74,3485
"Firefox 48",74,3486
"Firefox 49",74,3487
"Firefox 50",74,3488
"Firefox 51",74,3489
"Firefox 52",74,3490
"Firefox 53",74,3491
"Firefox 54",74,3492
"Firefox 55",74,3493
"Firefox 56",74,3494
"Firefox 57",74,3459
"Firefox 58",74,3581
"Firefox 59",74,3575
"Firefox 60",74,3594
"Firefox 61",74,3888
"Firefox 62",74,3912
"Firefox 63",74,4255
Trunk,74,833
unspecified,74,806
2014-01.1,75,1439
2014-01.2,75,1440
2014-01.3,75,1441
2014-01.4,75,1442
2014-01.5,75,1443
2014-01.6,75,1444
2014-02.1,75,1445
2014-02.2,75,1446
2014-02.3,75,1447
2014-02.4,75,1448
2014-02.5,75,1449
2014-02.6,75,1450
2014-03.1,75,1451
2014-03.2,75,1452
2014-03.3,75,1453
2014-03.4,75,1454
2014-03.5,75,1455
2014-03.6,75,1456
2014-04.1,75,1457
2014-04.2,75,1458
2014-04.3,75,1459
2014-04.4,75,1460
2014-04.5,75,1461
2014-04.6,75,1462
2014-05.1,75,1463
2014-05.2,75,1464
2014-05.3,75,1465
2014-05.4,75,1466
2014-05.5,75,1467
2014-05.6,75,1468
2014-06.1,75,1469
2014-06.2,75,1470
2014-06.3,75,1471
2014-06.4,75,1472
2014-06.5,75,1473
2014-06.6,75,1474
2014-07.1,75,1631
2014-07.2,75,1632
2014-07.3,75,1633
2014-07.4,75,1634
2014-07.5,75,1635
2014-07.6,75,1636
2014-08.1,75,1637
2014-08.2,75,1638
2014-08.3,75,1639
2014-08.4,75,1640
2014-08.5,75,1641
2014-08.6,75,1642
2014-09.1,75,1643
2014-09.2,75,1644
2014-09.3,75,1645
2014-09.4,75,1646
2014-09.5,75,1647
2014-09.6,75,1648
2014-10.1,75,1649
2014-10.2,75,1650
2014-10.3,75,1651
2014-10.4,75,1652
2014-10.5,75,1653
2014-10.6,75,1654
2014-11.1,75,1655
2014-11.2,75,1656
2014-11.3,75,1657
2014-11.4,75,1658
2014-11.5,75,1659
2014-11.6,75,1660
2014-12.1,75,1661
2014-12.2,75,1662
2014-12.3,75,1663
2014-12.4,75,1664
2014-12.5,75,1665
2014-12.6,75,1666
2015-1.1,75,1957
2015-1.2,75,1958
2015-1.3,75,1959
2015-1.4,75,1960
2015-1.5,75,1961
2015-1.6,75,1962
2015-10.1,75,2011
2015-10.2,75,2012
2015-10.3,75,2013
2015-10.4,75,2014
2015-10.5,75,2015
2015-10.6,75,2016
2015-11.1,75,2017
2015-11.2,75,2018
2015-11.3,75,2019
2015-11.4,75,2020
2015-11.5,75,2021
2015-11.6,75,2022
2015-12.1,75,2023
2015-12.2,75,2024
2015-12.3,75,2025
2015-12.4,75,2026
2015-12.5,75,2027
2015-12.6,75,2028
2015-2.1,75,1963
2015-2.2,75,1964
2015-2.3,75,1965
2015-2.4,75,1966
2015-2.5,75,1967
2015-2.6,75,1968
2015-3.1,75,1969
2015-3.2,75,1970
2015-3.3,75,1971
2015-3.4,75,1972
2015-3.5,75,1973
2015-3.6,75,1974
2015-4.1,75,1975
2015-4.2,75,1976
2015-4.3,75,1977
2015-4.4,75,1978
2015-4.5,75,1979
2015-4.6,75,1980
2015-5.1,75,1981
2015-5.2,75,1982
2015-5.3,75,1983
2015-5.4,75,1984
2015-5.5,75,1985
2015-5.6,75,1986
2015-6.1,75,1987
2015-6.2,75,1988
2015-6.3,75,1989
2015-6.4,75,1990
2015-6.5,75,1991
2015-6.6,75,1992
2015-7.1,75,1993
2015-7.2,75,1994
2015-7.3,75,1995
2015-7.4,75,1996
2015-7.5,75,1997
2015-7.6,75,1998
2015-8.1,75,1999
2015-8.2,75,2000
2015-8.3,75,2001
2015-8.4,75,2002
2015-8.5,75,2003
2015-8.6,75,2004
2015-9.1,75,2005
2015-9.2,75,2006
2015-9.3,75,2007
2015-9.4,75,2008
2015-9.5,75,2009
2015-9.6,75,2010
2016-1.1,75,2454
2016-1.2,75,2455
2016-1.3,75,2456
2016-1.4,75,2457
2016-1.5,75,2458
2016-1.6,75,2459
2016-10.1,75,2508
2016-10.2,75,2509
2016-10.3,75,2510
2016-10.4,75,2511
2016-10.5,75,2512
2016-10.6,75,2513
2016-11.1,75,2514
2016-11.2,75,2515
2016-11.3,75,2516
2016-11.4,75,2517
2016-11.5,75,2518
2016-11.6,75,2519
2016-12.1,75,2520
2016-12.2,75,2521
2016-12.3,75,2522
2016-12.4,75,2523
2016-12.5,75,2524
2016-12.6,75,2525
2016-2.1,75,2460
2016-2.2,75,2461
2016-2.3,75,2462
2016-2.4,75,2463
2016-2.5,75,2464
2016-2.6,75,2465
2016-3.1,75,2466
2016-3.2,75,2467
2016-3.3,75,2468
2016-3.4,75,2469
2016-3.5,75,2470
2016-3.6,75,2471
2016-4.1,75,2472
2016-4.2,75,2473
2016-4.3,75,2474
2016-4.4,75,2475
2016-4.5,75,2476
2016-4.6,75,2477
2016-5.1,75,2478
2016-5.2,75,2479
2016-5.3,75,2480
2016-5.4,75,2481
2016-5.5,75,2482
2016-5.6,75,2483
2016-6.1,75,2484
2016-6.2,75,2485
2016-6.3,75,2486
2016-6.4,75,2487
2016-6.5,75,2488
2016-6.6,75,2489
2016-7.1,75,2490
2016-7.2,75,2491
2016-7.3,75,2492
2016-7.4,75,2493
2016-7.5,75,2494
2016-7.6,75,2495
2016-8.1,75,2496
2016-8.2,75,2497
2016-8.3,75,2498
2016-8.4,75,2499
2016-8.5,75,2500
2016-8.6,75,2501
2016-9.1,75,2502
2016-9.2,75,2503
2016-9.3,75,2504
2016-9.4,75,2505
2016-9.5,75,2506
2016-9.6,75,2507
next,75,1438
other,75,818
0.1,76,835
0.2,76,836
0.3,76,837
1.0,76,838
1.1,76,839
1.5,76,840
1.6,76,841
1.7,76,842
1.8,76,843
1.9,76,844
1.x,76,845
2.0,76,846
2.1,76,847
2.10,76,848
2.2,76,849
2.3,76,850
2.4,76,851
2.5,76,852
2.6,76,853
2.7,76,854
2.8,76,855
3.0,76,856
3.1,76,857
3.2,76,858
4.0,76,859
4.1,76,860
4.2,76,861
4.3,76,862
4.4,76,863
4.5,76,864
5.0,76,865
other,76,866
Trunk,76,867
unspecified,76,821
unspecified,77,822
2.0,78,873
unspecified,78,872
unspecified,79,874
"1.0 Branch",80,909
"1.5.0.x Branch",80,910
"10 Branch",80,921
"11 Branch",80,922
"12 Branch",80,923
"13 Branch",80,924
"14 Branch",80,925
"2.0 Branch",80,911
"3.0 Branch",80,912
"3.5 Branch",80,913
"3.6 Branch",80,914
"4.0 Branch",80,915
"5 Branch",80,916
"6 Branch",80,917
"7 Branch",80,918
"8 Branch",80,919
"9 Branch",80,920
"Fennec 1.1",80,927
"Firefox 10",80,934
"Firefox 11",80,935
"Firefox 12",80,936
"Firefox 13",80,937
"Firefox 14",80,938
"Firefox 4.0",80,928
"Firefox 5",80,929
"Firefox 6",80,930
"Firefox 7",80,931
"Firefox 8",80,932
"Firefox 9",80,933
Trunk,80,926
unspecified,80,908
---,81,952
unspecified,82,957
"38 Branch",83,3930
"39 Branch",83,3931
"40 Branch",83,3932
"41 Branch",83,3933
"42 Branch",83,3934
"43 Branch",83,3935
"44 Branch",83,3936
"45 Branch",83,3937
"46 Branch",83,3938
"47 Branch",83,3939
"48 Branch",83,3940
"49 Branch",83,3941
"50 Branch",83,3942
"51 Branch",83,3943
"52 Branch",83,3944
"53 Branch",83,3945
"54 Branch",83,3946
"55 Branch",83,3947
"56 Branch",83,3948
"57 Branch",83,3949
"58 Branch",83,3950
"59 Branch",83,3951
"60 Branch",83,3952
"61 Branch",83,3953
"62 Branch",83,3954
unspecified,83,967
"Version 1",83,1605
"Version 2",83,1606
"Version 3",83,3955
"Version 4",83,3956
.5,84,971
1.0,84,972
"1.0 Branch",84,973
"1.4 Branch",84,974
"1.7 Branch",84,975
"1.8 Branch",84,976
"1.9.0 Branch",84,977
"1.9.1 Branch",84,978
"1.9.2 Branch",84,979
2.0,84,980
5,84,981
"Other Branch",84,982
Trunk,84,983
unspecified,84,968
1.0,87,985
1.1,87,1180
1.2,87,1181
1.3,87,1182
1.4,87,1183
1.5,87,1184
2.0,87,1388
2014-Q2,87,1527
2014-Q3,87,1528
2014-Q4,87,1529
Avenir,87,1389
unspecified,87,2387
unspecified,88,988
unspecified,89,989
unspecified,91,1003
Beta,93,1027
Development/Staging,93,1526
"Firefox 4",93,1028
"Firefox 5",93,1029
"Firefox 6",93,1030
other,93,1031
Production,93,1525
Trunk,93,1032
unspecified,93,1026
"1.0 Branch",94,1054
"1.5.0.x Branch",94,1055
"10 Branch",94,1056
"11 Branch",94,1057
"12 Branch",94,1058
"13 Branch",94,1059
"14 Branch",94,1060
"15 Branch",94,1061
"16 Branch",94,1062
"17 Branch",94,1063
"18 Branch",94,1064
"19 Branch",94,2547
"2.0 Branch",94,1065
"20 Branch",94,2548
"21 Branch",94,2549
"22 Branch",94,2550
"23 Branch",94,2551
"24 Branch",94,2552
"25 Branch",94,2553
"26 Branch",94,2554
"27 Branch",94,2555
"28 Branch",94,2556
"29 Branch",94,2557
"3.0 Branch",94,1066
"3.5 Branch",94,1067
"3.6 Branch",94,1068
"30 Branch",94,2558
"31 Branch",94,2559
"32 Branch",94,2560
"33 Branch",94,2561
"34 Branch",94,2562
"35 Branch",94,2563
"36 Branch",94,2564
"37 Branch",94,2565
"38 Branch",94,2566
"39 Branch",94,2567
"4.0 Branch",94,1069
"40 Branch",94,2568
"41 Branch",94,2569
"42 Branch",94,2570
"43 Branch",94,2571
"44 Branch",94,2572
"45 Branch",94,2573
"46 Branch",94,2574
"47 Branch",94,2575
"48 Branch",94,2644
"49 Branch",94,2668
"5 Branch",94,1070
"50 Branch",94,3962
"51 Branch",94,3963
"52 Branch",94,3964
"53 Branch",94,3965
"54 Branch",94,3966
"55 Branch",94,3967
"56 Branch",94,3968
"57 Branch",94,3969
"58 Branch",94,3970
"59 Branch",94,3971
"6 Branch",94,1071
"60 Branch",94,3972
"61 Branch",94,3973
"7 Branch",94,1072
"8 Branch",94,1073
"9 Branch",94,1074
Trunk,94,1075
unspecified,94,1053
"1.0 Branch",95,1097
"1.5.0.x Branch",95,1098
"10 Branch",95,1099
"11 Branch",95,1100
"12 Branch",95,1101
"13 Branch",95,1102
"14 Branch",95,1103
"15 Branch",95,1104
"16 Branch",95,1105
"17 Branch",95,1106
"18 Branch",95,1107
"19 Branch",95,1108
"2.0 Branch",95,1109
"20 Branch",95,1148
"21 Branch",95,1162
"22 Branch",95,1189
"23 Branch",95,1221
"24 Branch",95,1318
"25 Branch",95,1337
"26 Branch",95,1380
"27 Branch",95,1395
"28 Branch",95,1419
"29 Branch",95,1482
"3.0 Branch",95,1110
"3.5 Branch",95,1111
"3.6 Branch",95,1112
"30 Branch",95,1536
"31 Branch",95,1554
"32 Branch",95,1589
"33 Branch",95,1612
"34 Branch",95,1682
"35 Branch",95,1713
"36 Branch",95,1930
"37 Branch",95,1945
"38 Branch",95,2135
"39 Branch",95,2146
"4.0 Branch",95,1113
"40 Branch",95,2162
"5 Branch",95,1114
"6 Branch",95,1115
"7 Branch",95,1116
"8 Branch",95,1117
"9 Branch",95,1118
Trunk,95,1119
unspecified,95,1085
0.x,96,1095
1.0,96,1410
unspecified,96,1094
unspecified,97,1135
unspecified,98,1158
unspecified,99,1170
unspecified,101,1204
"11 Branch",102,3337
"12 Branch",102,3338
"13 Branch",102,3339
"14 Branch",102,3340
"15 Branch",102,3341
"16 Branch",102,3342
"17 Branch",102,3343
"18 Branch",102,3344
"19 Branch",102,3345
"20 Branch",102,3346
"21 Branch",102,3347
"22 Branch",102,3348
"23 Branch",102,3349
"24 Branch",102,3350
"25 Branch",102,3351
"26 Branch",102,3352
"27 Branch",102,3353
"28 Branch",102,3354
"29 Branch",102,3355
"30 Branch",102,3356
"31 Branch",102,3357
"32 Branch",102,3358
"33 Branch",102,3359
"34 Branch",102,3360
"35 Branch",102,3361
"36 Branch",102,3362
"37 Branch",102,3363
"38 Branch",102,3364
"39 Branch",102,3365
"40 Branch",102,3366
"41 Branch",102,3367
"42 Branch",102,3368
"43 Branch",102,3369
"44 Branch",102,3370
"45 Branch",102,3371
"46 Branch",102,3372
"47 Branch",102,3373
"48 Branch",102,3374
"49 Branch",102,3375
"50 Branch",102,3376
"51 Branch",102,3377
"52 Branch",102,3378
"53 Branch",102,3379
"54 Branch",102,3380
"55 Branch",102,3381
"56 Branch",102,3420
"Firefox 22",102,1217
"Firefox 23",102,1218
"Firefox 24",102,1314
"Firefox 25",102,1333
"Firefox 26",102,1376
"Firefox 27",102,1391
"Firefox 28",102,1415
"Firefox 29",102,1478
"Firefox 30",102,1532
"Firefox 31",102,1550
"Firefox 32",102,1585
"Firefox 33",102,1608
"Firefox 34",102,1678
"Firefox 35",102,1709
"Firefox 36",102,1926
"Firefox 37",102,1941
"Firefox 38",102,2133
"Firefox 39",102,2142
"Firefox 40",102,2158
"Firefox 41",102,2276
"Firefox 42",102,2294
"Firefox 43",102,2319
"Firefox 44",102,2343
"Firefox 45",102,2364
"Firefox 46",102,2438
"Firefox 47",102,2533
"Firefox 48",102,2601
"Firefox 49",102,2666
"Firefox 50",102,2717
"Firefox 51",102,2888
"Firefox 52",102,2902
"Firefox 53",102,2926
"Firefox 54",102,3294
"Firefox 55",102,3319
"Firefox 56",102,3419
"Firefox 57",102,3421
"Firefox 58",102,3436
"Firefox 59",102,3563
"Firefox 60",102,3588
"Firefox 61",102,3896
"Firefox 62",102,3908
"Firefox 63",102,4250
Trunk,102,3382
unspecified,102,1215
unspecified,103,1228
"1.0 Branch",104,1230
"1.5.0.x Branch",104,1231
"10 Branch",104,1232
"11 Branch",104,1233
"12 Branch",104,1234
"13 Branch",104,1235
"14 Branch",104,1236
"15 Branch",104,1237
"16 Branch",104,1238
"17 Branch",104,1239
"18 Branch",104,1240
"19 Branch",104,1241
"2.0 Branch",104,1242
"20 Branch",104,1243
"21 Branch",104,1244
"22 Branch",104,1245
"23 Branch",104,1246
"24 Branch",104,1319
"25 Branch",104,1338
"26 Branch",104,1381
"27 Branch",104,1396
"28 Branch",104,1420
"29 Branch",104,1483
"3.0 Branch",104,1247
"3.5 Branch",104,1248
"3.6 Branch",104,1249
"30 Branch",104,1537
"31 Branch",104,1555
"32 Branch",104,1590
"33 Branch",104,1613
"34 Branch",104,1683
"35 Branch",104,1714
"36 Branch",104,1931
"37 Branch",104,1946
"38 Branch",104,2136
"39 Branch",104,2147
"4.0 Branch",104,1250
"40 Branch",104,2163
"41 Branch",104,2280
"42 Branch",104,2298
"43 Branch",104,2323
"44 Branch",104,2345
"45 Branch",104,2368
"46 Branch",104,2442
"47 Branch",104,2537
"48 Branch",104,2600
"49 Branch",104,2663
"5 Branch",104,1251
"50 Branch",104,2718
"51 Branch",104,2907
"52 Branch",104,2908
"53 Branch",104,2929
"54 Branch",104,3297
"55 Branch",104,3320
"56 Branch",104,3442
"57 Branch",104,3443
"58 Branch",104,3444
"59 Branch",104,3565
"6 Branch",104,1252
"60 Branch",104,3894
"61 Branch",104,3893
"62 Branch",104,3911
"7 Branch",104,1253
"8 Branch",104,1254
"9 Branch",104,1255
Trunk,104,1256
unspecified,104,1229
unspecified,105,1312
unspecified,106,1313
---,107,3920
other,107,1332
Production,107,3412
Staging,107,3411
Trunk,107,3410
unspecified,107,2389
unspecified,108,1373
---,110,2361
other,110,1390
Trunk,110,2362
unspecified,110,1374
unspecified,111,1375
unspecified,112,1437
Backlog,113,1490
"Company-Level Goal",113,1491
"Customer Request",113,1493
"Department-Level Goal",113,1492
"IT-Level Goal",113,1544
"Operational Work",113,1494
other,113,1937
0.1,114,1496
0.1.1,114,1497
0.1.2,114,1498
0.1.3,114,1499
0.2,114,1500
0.3a1,114,1501
0.3a2,114,1502
1.0,114,1503
1.1,114,1504
1.2,114,1505
1.3,114,1506
1.4,114,1507
1.5,114,1508
1.6,114,2400
38,114,2401
39,114,2402
40,114,2403
41,114,2404
42,114,2405
43,114,2406
44,114,2407
45,114,2408
46,114,2409
47,114,2410
48,114,2619
49,114,2620
50,114,2621
51,114,2884
52,114,2909
53,114,2934
54,114,3301
55,114,3323
56,114,3445
57,114,3446
58,114,3447
59,114,3572
60,114,3891
61,114,3892
62,114,3913
trunk,114,1495
0.1,115,1510
0.1.1,115,1511
0.1.2,115,1512
0.1.3,115,1513
0.2,115,1514
0.3a1,115,1515
0.3a2,115,1516
1.0,115,1517
1.1,115,1518
1.2,115,1519
1.3,115,1520
1.4,115,1521
1.5,115,1522
38,115,2390
39,115,2391
40,115,2392
41,115,2393
42,115,2394
43,115,2395
44,115,2396
45,115,2397
46,115,2398
47,115,2399
48,115,2616
49,115,2617
50,115,2618
51,115,2889
52,115,2903
53,115,2928
54,115,3296
55,115,3318
56,115,3437
57,115,3438
58,115,3439
59,115,3571
60,115,3599
61,115,3889
62,115,3909
trunk,115,1509
unspecified,116,1523
unspecified,117,1543
Production,119,1548
unspecified,121,1599
---,122,1630
Trunk,122,1922
1.0,123,1668
10.0,123,1677
2.0,123,1669
3.0,123,1670
4.0,123,1671
5.0,123,1672
6.0,123,1673
7.0,123,1674
8.0,123,1675
9.0,123,1676
unspecified,123,1667
"1.0 Branch",124,1801
"1.5.0.x Branch",124,1802
"10 Branch",124,1803
"11 Branch",124,1804
"12 Branch",124,1805
"13 Branch",124,1806
"14 Branch",124,1807
"15 Branch",124,1808
"16 Branch",124,1809
"17 Branch",124,1810
"18 Branch",124,1811
"19 Branch",124,1812
"2.0 Branch",124,1813
"20 Branch",124,1814
"21 Branch",124,1815
"22 Branch",124,1816
"23 Branch",124,1817
"24 Branch",124,1818
"25 Branch",124,1819
"26 Branch",124,1820
"27 Branch",124,1821
"28 Branch",124,1822
"29 Branch",124,1823
"3.0 Branch",124,1824
"3.5 Branch",124,1825
"3.6 Branch",124,1826
"30 Branch",124,1827
"31 Branch",124,1828
"32 Branch",124,1829
"33 Branch",124,1830
"34 Branch",124,1831
"35 Branch",124,1832
"4.0 Branch",124,1833
"5 Branch",124,1834
"6 Branch",124,1835
"7 Branch",124,1836
"8 Branch",124,1837
"9 Branch",124,1838
Trunk,124,1839
unspecified,124,1694
0.9,125,1785
1.0,125,1786
2.0,125,1787
3.0,125,1788
3.2,125,1789
4.x,125,1790
"ACR 2.*",125,2546
ACR-0.*,125,1791
ACR-0.8.6,125,1792
ACR-0.9,125,1793
ACR-1.*,125,1794
BW-1.1.x,125,1795
BW-1.2,125,1796
BW-1.2.1,125,1797
BW-2.0,125,1798
unspecified,125,1708
other,126,2156
unspecified,126,1800
.5,127,1871
0.1,127,1886
0.2,127,1887
0.3,127,1888
1.0,127,1872
"1.0 Branch",127,1873
1.1,127,1889
"1.4 Branch",127,1874
1.5,127,1890
1.6,127,1891
1.7,127,1892
"1.7 Branch",127,1875
1.8,127,1893
"1.8 Branch",127,1876
1.9,127,1894
"1.9.0 Branch",127,1877
"1.9.1 Branch",127,1878
"1.9.2 Branch",127,1879
1.x,127,1895
2.0,127,1880
2.1,127,1896
2.10,127,1897
2.2,127,1898
2.3,127,1899
2.4,127,1900
2.5,127,1901
2.6,127,1902
2.7,127,1903
2.8,127,1904
3.0,127,1905
3.1,127,1906
3.2,127,1907
4.0,127,1908
4.1,127,1909
4.2,127,1910
4.3,127,1911
4.4,127,1912
4.5,127,1913
5,127,1881
5.0,127,1914
Development/Staging,127,1917
other,127,1870
"Other Branch",127,1882
Production,127,1918
Trunk,127,1883
unspecified,127,1869
unspecified,128,1920
unspecified,129,1940
unspecified,130,1953
unspecified,132,2174
---,133,2176
Trunk,133,2177
unspecified,133,2175
"Firefox 11",134,2179
"Firefox 12",134,2180
"Firefox 13",134,2181
"Firefox 14",134,2182
"Firefox 15",134,2183
"Firefox 16",134,2184
"Firefox 17",134,2185
"Firefox 18",134,2186
"Firefox 19",134,2187
"Firefox 20",134,2188
"Firefox 21",134,2189
"Firefox 22",134,2190
"Firefox 23",134,2191
"Firefox 24",134,2192
"Firefox 25",134,2193
"Firefox 26",134,2194
"Firefox 27",134,2195
"Firefox 28",134,2196
"Firefox 29",134,2197
"Firefox 30",134,2198
"Firefox 31",134,2199
"Firefox 32",134,2200
"Firefox 33",134,2201
"Firefox 34",134,2202
"Firefox 35",134,2203
"Firefox 36",134,2204
"Firefox 37",134,2205
"Firefox 38",134,2206
"Firefox 39",134,2207
"Firefox 40",134,2208
Trunk,134,2209
unspecified,134,2178
"1.9.0 Branch",135,2213
"1.9.1 Branch",135,2214
"1.9.2 Branch",135,2215
"10 Branch",135,2216
"11 Branch",135,2217
"12 Branch",135,2218
"13 Branch",135,2219
"14 Branch",135,2220
"15 Branch",135,2221
"16 Branch",135,2222
"17 Branch",135,2223
"18 Branch",135,2224
"19 Branch",135,2225
"2.0 Branch",135,2226
"20 Branch",135,2227
"21 Branch",135,2228
"22 Branch",135,2229
"23 Branch",135,2230
"24 Branch",135,2231
"25 Branch",135,2232
"26 Branch",135,2233
"27 Branch",135,2234
"28 Branch",135,2235
"29 Branch",135,2236
"30 Branch",135,2237
"31 Branch",135,2238
"32 Branch",135,2239
"33 Branch",135,2240
"34 Branch",135,2241
"35 Branch",135,2242
"36 Branch",135,2243
"37 Branch",135,2244
"38 Branch",135,2245
"39 Branch",135,2246
"40 Branch",135,2247
"41 Branch",135,2629
"42 Branch",135,2630
"43 Branch",135,2631
"44 Branch",135,2632
"45 Branch",135,2633
"46 Branch",135,2634
"47 Branch",135,2635
"48 Branch",135,2636
"49 Branch",135,2895
"5 Branch",135,2248
"50 Branch",135,2896
"51 Branch",135,2897
"52 Branch",135,3289
"53 Branch",135,3290
"54 Branch",135,3741
"55 Branch",135,3742
"56 Branch",135,3743
"57 Branch",135,3744
"58 Branch",135,3745
"59 Branch",135,3746
"6 Branch",135,2249
"60 Branch",135,3747
"7 Branch",135,2250
"8 Branch",135,2251
"9 Branch",135,2252
"Other Branch",135,2253
Trunk,135,2254
unspecified,135,2212
"Version 1",135,2637
"Version 2",135,2638
"Version 3",135,2639
unspecified,136,2292
Trunk,137,2306
unspecified,137,2293
other,138,2388
unspecified,138,2314
other,139,2333
unspecified,139,2332
unspecified,140,2334
Backlog,141,2354
"Company-Level Goal",141,2355
"Customer Request",141,2356
"Department-Level Goal",141,2357
"IT-Level Goal",141,2358
"Operational Work",141,2359
other,141,2353
Beta,142,2414
"Firefox 4",142,2415
"Firefox 5",142,2416
"Firefox 6",142,2417
other,142,2418
Trunk,142,2419
unspecified,142,2413
1.0,143,2923
1.1,143,2924
2.0,143,2925
2.0.1,143,2940
2.1,143,2941
3.0,143,2942
3.1,143,3313
3.2,143,3332
3.3,143,3333
4.0,143,3334
unspecified,143,2437
other,144,2597
unspecified,144,2592
---,145,2596
Development/Staging,145,2595
Production,145,2594
unspecified,145,2593
unspecified,146,2598
0.x,147,2670
1.x,147,2671
10.0,147,2672
10.1,147,2673
10.2,147,2674
10.3,147,2675
10.x,147,2676
11.x,147,2677
12.x,147,2678
13.x,147,2679
14.x,147,2680
15.x,147,2681
16.x,147,2682
17.x,147,2683
18.x,147,2684
19.x,147,2685
2.x,147,2686
20.x,147,2687
3.x,147,2688
4.x,147,2689
5.x,147,2690
6.x,147,2691
7.x,147,2692
8.x,147,2693
9.x,147,2694
unspecified,147,2669
unspecified,148,2705
other,149,2714
unspecified,149,2713
"1.0 Branch",150,2731
"1.5.0.x Branch",150,2732
"10 Branch",150,2733
"11 Branch",150,2734
"12 Branch",150,2735
"13 Branch",150,2736
"14 Branch",150,2737
"15 Branch",150,2738
"16 Branch",150,2739
"17 Branch",150,2740
"18 Branch",150,2741
"19 Branch",150,2742
"2.0 Branch",150,2743
"20 Branch",150,2744
"21 Branch",150,2745
"22 Branch",150,2746
"23 Branch",150,2747
"24 Branch",150,2748
"25 Branch",150,2749
"26 Branch",150,2750
"27 Branch",150,2751
"28 Branch",150,2752
"29 Branch",150,2753
"3.0 Branch",150,2754
"3.5 Branch",150,2755
"3.6 Branch",150,2756
"30 Branch",150,2757
"31 Branch",150,2758
"32 Branch",150,2759
"33 Branch",150,2760
"34 Branch",150,2761
"35 Branch",150,2762
"36 Branch",150,2763
"37 Branch",150,2764
"38 Branch",150,2765
"39 Branch",150,2766
"4.0 Branch",150,2767
"40 Branch",150,2768
"41 Branch",150,2769
"42 Branch",150,2770
"43 Branch",150,2771
"44 Branch",150,2772
"45 Branch",150,2773
"46 Branch",150,2774
"47 Branch",150,2775
"48 Branch",150,2776
"49 Branch",150,2777
"5 Branch",150,2778
"50 Branch",150,2779
"6 Branch",150,2780
"7 Branch",150,2781
"8 Branch",150,2782
"9 Branch",150,2783
Trunk,150,2784
unspecified,150,2730
0.1,151,2816
0.2,151,2817
0.3,151,2818
1.0,151,2819
1.1,151,2820
1.5,151,2821
1.6,151,2822
1.7,151,2823
1.8,151,2824
1.9,151,2825
1.x,151,2826
2.0,151,2827
2.1,151,2828
2.10,151,2829
2.2,151,2830
2.3,151,2831
2.4,151,2832
2.5,151,2833
2.6,151,2834
2.7,151,2835
2.8,151,2836
3.0,151,2837
3.1,151,2838
3.2,151,2839
4.0,151,2840
4.1,151,2841
4.2,151,2842
4.3,151,2843
4.4,151,2844
4.5,151,2845
5.0,151,2846
other,151,2847
Trunk,151,2848
unspecified,151,2815
unspecified,152,2894
2014-01.1,153,2946
2014-01.2,153,2947
2014-01.3,153,2948
2014-01.4,153,2949
2014-01.5,153,2950
2014-01.6,153,2951
2014-02.1,153,2952
2014-02.2,153,2953
2014-02.3,153,2954
2014-02.4,153,2955
2014-02.5,153,2956
2014-02.6,153,2957
2014-03.1,153,2958
2014-03.2,153,2959
2014-03.3,153,2960
2014-03.4,153,2961
2014-03.5,153,2962
2014-03.6,153,2963
2014-04.1,153,2964
2014-04.2,153,2965
2014-04.3,153,2966
2014-04.4,153,2967
2014-04.5,153,2968
2014-04.6,153,2969
2014-05.1,153,2970
2014-05.2,153,2971
2014-05.3,153,2972
2014-05.4,153,2973
2014-05.5,153,2974
2014-05.6,153,2975
2014-06.1,153,2976
2014-06.2,153,2977
2014-06.3,153,2978
2014-06.4,153,2979
2014-06.5,153,2980
2014-06.6,153,2981
2014-07.1,153,2982
2014-07.2,153,2983
2014-07.3,153,2984
2014-07.4,153,2985
2014-07.5,153,2986
2014-07.6,153,2987
2014-08.1,153,2988
2014-08.2,153,2989
2014-08.3,153,2990
2014-08.4,153,2991
2014-08.5,153,2992
2014-08.6,153,2993
2014-09.1,153,2994
2014-09.2,153,2995
2014-09.3,153,2996
2014-09.4,153,2997
2014-09.5,153,2998
2014-09.6,153,2999
2014-10.1,153,3000
2014-10.2,153,3001
2014-10.3,153,3002
2014-10.4,153,3003
2014-10.5,153,3004
2014-10.6,153,3005
2014-11.1,153,3006
2014-11.2,153,3007
2014-11.3,153,3008
2014-11.4,153,3009
2014-11.5,153,3010
2014-11.6,153,3011
2014-12.1,153,3012
2014-12.2,153,3013
2014-12.3,153,3014
2014-12.4,153,3015
2014-12.5,153,3016
2014-12.6,153,3017
2015-1.1,153,3018
2015-1.2,153,3019
2015-1.3,153,3020
2015-1.4,153,3021
2015-1.5,153,3022
2015-1.6,153,3023
2015-10.1,153,3024
2015-10.2,153,3025
2015-10.3,153,3026
2015-10.4,153,3027
2015-10.5,153,3028
2015-10.6,153,3029
2015-11.1,153,3030
2015-11.2,153,3031
2015-11.3,153,3032
2015-11.4,153,3033
2015-11.5,153,3034
2015-11.6,153,3035
2015-12.1,153,3036
2015-12.2,153,3037
2015-12.3,153,3038
2015-12.4,153,3039
2015-12.5,153,3040
2015-12.6,153,3041
2015-2.1,153,3042
2015-2.2,153,3043
2015-2.3,153,3044
2015-2.4,153,3045
2015-2.5,153,3046
2015-2.6,153,3047
2015-3.1,153,3048
2015-3.2,153,3049
2015-3.3,153,3050
2015-3.4,153,3051
2015-3.5,153,3052
2015-3.6,153,3053
2015-4.1,153,3054
2015-4.2,153,3055
2015-4.3,153,3056
2015-4.4,153,3057
2015-4.5,153,3058
2015-4.6,153,3059
2015-5.1,153,3060
2015-5.2,153,3061
2015-5.3,153,3062
2015-5.4,153,3063
2015-5.5,153,3064
2015-5.6,153,3065
2015-6.1,153,3066
2015-6.2,153,3067
2015-6.3,153,3068
2015-6.4,153,3069
2015-6.5,153,3070
2015-6.6,153,3071
2015-7.1,153,3072
2015-7.2,153,3073
2015-7.3,153,3074
2015-7.4,153,3075
2015-7.5,153,3076
2015-7.6,153,3077
2015-8.1,153,3078
2015-8.2,153,3079
2015-8.3,153,3080
2015-8.4,153,3081
2015-8.5,153,3082
2015-8.6,153,3083
2015-9.1,153,3084
2015-9.2,153,3085
2015-9.3,153,3086
2015-9.4,153,3087
2015-9.5,153,3088
2015-9.6,153,3089
2016-1.1,153,3090
2016-1.2,153,3091
2016-1.3,153,3092
2016-1.4,153,3093
2016-1.5,153,3094
2016-1.6,153,3095
2016-10.1,153,3096
2016-10.2,153,3097
2016-10.3,153,3098
2016-10.4,153,3099
2016-10.5,153,3100
2016-10.6,153,3101
2016-11.1,153,3102
2016-11.2,153,3103
2016-11.3,153,3104
2016-11.4,153,3105
2016-11.5,153,3106
2016-11.6,153,3107
2016-12.1,153,3108
2016-12.2,153,3109
2016-12.3,153,3110
2016-12.4,153,3111
2016-12.5,153,3112
2016-12.6,153,3113
2016-2.1,153,3114
2016-2.2,153,3115
2016-2.3,153,3116
2016-2.4,153,3117
2016-2.5,153,3118
2016-2.6,153,3119
2016-3.1,153,3120
2016-3.2,153,3121
2016-3.3,153,3122
2016-3.4,153,3123
2016-3.5,153,3124
2016-3.6,153,3125
2016-4.1,153,3126
2016-4.2,153,3127
2016-4.3,153,3128
2016-4.4,153,3129
2016-4.5,153,3130
2016-4.6,153,3131
2016-5.1,153,3132
2016-5.2,153,3133
2016-5.3,153,3134
2016-5.4,153,3135
2016-5.5,153,3136
2016-5.6,153,3137
2016-6.1,153,3138
2016-6.2,153,3139
2016-6.3,153,3140
2016-6.4,153,3141
2016-6.5,153,3142
2016-6.6,153,3143
2016-7.1,153,3144
2016-7.2,153,3145
2016-7.3,153,3146
2016-7.4,153,3147
2016-7.5,153,3148
2016-7.6,153,3149
2016-8.1,153,3150
2016-8.2,153,3151
2016-8.3,153,3152
2016-8.4,153,3153
2016-8.5,153,3154
2016-8.6,153,3155
2016-9.1,153,3156
2016-9.2,153,3157
2016-9.3,153,3158
2016-9.4,153,3159
2016-9.5,153,3160
2016-9.6,153,3161
next,153,3162
other,153,2945
1.0,154,3258
1.1,154,3259
1.5,154,3260
1.6,154,3261
1.7,154,3262
1.8,154,3263
1.9,154,3264
1.x,154,3265
2.0,154,3266
2.1,154,3267
2.2,154,3268
3.0,154,3269
3.1,154,3270
3.2,154,3271
4.0,154,3272
4.2,154,3273
other,154,3274
Trunk,154,3275
unspecified,154,3257
---,155,3927
Development/Staging,155,3928
Production,155,3929
unspecified,155,3293
unspecified,156,3315
unspecified,157,3316
unspecified,158,3496
---,159,3584
1.0,159,3585
"1.0 Branch",160,3749
"1.4 Branch",160,3750
"1.7 Branch",160,3751
"1.8 Branch",160,3752
"1.9.0 Branch",160,3753
"1.9.1 Branch",160,3754
"1.9.2 Branch",160,3755
"10 Branch",160,3756
"11 Branch",160,3757
"12 Branch",160,3758
"13 Branch",160,3759
"14 Branch",160,3760
"15 Branch",160,3761
"16 Branch",160,3762
"17 Branch",160,3763
"18 Branch",160,3764
"19 Branch",160,3765
"2.0 Branch",160,3766
"20 Branch",160,3767
"21 Branch",160,3768
"22 Branch",160,3769
"23 Branch",160,3770
"24 Branch",160,3771
"25 Branch",160,3772
"26 Branch",160,3773
"27 Branch",160,3774
"28 Branch",160,3775
"29 Branch",160,3776
"30 Branch",160,3777
"31 Branch",160,3778
"32 Branch",160,3779
"33 Branch",160,3780
"34 Branch",160,3781
"35 Branch",160,3782
"36 Branch",160,3783
"37 Branch",160,3784
"38 Branch",160,3785
"39 Branch",160,3786
"40 Branch",160,3787
"41 Branch",160,3788
"42 Branch",160,3789
"43 Branch",160,3790
"44 Branch",160,3791
"45 Branch",160,3792
"46 Branch",160,3793
"47 Branch",160,3794
"48 Branch",160,3795
"49 Branch",160,3796
"5 Branch",160,3797
"50 Branch",160,3798
"51 Branch",160,3799
"52 Branch",160,3800
"53 Branch",160,3801
"54 Branch",160,3802
"55 Branch",160,3803
"56 Branch",160,3804
"57 Branch",160,3805
"58 Branch",160,3806
"59 Branch",160,3807
"6 Branch",160,3808
"60 Branch",160,3809
"61 Branch",160,3887
"62 Branch",160,4253
"63 Branch",160,4254
"7 Branch",160,3810
"8 Branch",160,3811
"9 Branch",160,3812
"Other Branch",160,3813
Trunk,160,3814
unspecified,160,3748
"Version 3",160,3876
---,161,3877
4.0,161,3879
4.1,161,3880
5.0,161,3881
5.1,161,3882
5.2,161,3883
unspecified,162,3878
"1.0 Branch",163,3986
"1.5.0.x Branch",163,3987
"10 Branch",163,3988
"11 Branch",163,3989
"12 Branch",163,3990
"13 Branch",163,3991
"14 Branch",163,3992
"15 Branch",163,3993
"16 Branch",163,3994
"17 Branch",163,3995
"18 Branch",163,3996
"19 Branch",163,3997
"2.0 Branch",163,3998
"20 Branch",163,3999
"21 Branch",163,4000
"22 Branch",163,4001
"23 Branch",163,4002
"24 Branch",163,4003
"25 Branch",163,4004
"26 Branch",163,4005
"27 Branch",163,4006
"28 Branch",163,4007
"29 Branch",163,4008
"3.0 Branch",163,4009
"3.5 Branch",163,4010
"3.6 Branch",163,4011
"30 Branch",163,4012
"31 Branch",163,4013
"32 Branch",163,4014
"33 Branch",163,4015
"34 Branch",163,4016
"35 Branch",163,4017
"36 Branch",163,4018
"37 Branch",163,4019
"38 Branch",163,4020
"39 Branch",163,4021
"4.0 Branch",163,4022
"40 Branch",163,4023
"41 Branch",163,4024
"42 Branch",163,4025
"43 Branch",163,4026
"44 Branch",163,4027
"45 Branch",163,4028
"46 Branch",163,4029
"47 Branch",163,4030
"48 Branch",163,4031
"49 Branch",163,4032
"5 Branch",163,4033
"50 Branch",163,4034
"51 Branch",163,4035
"52 Branch",163,4036
"53 Branch",163,4037
"54 Branch",163,4038
"55 Branch",163,4039
"56 Branch",163,4040
"57 Branch",163,4041
"58 Branch",163,4042
"59 Branch",163,4043
"6 Branch",163,4044
"60 Branch",163,4045
"61 Branch",163,4046
"62 Branch",163,4248
"63 Branch",163,4249
"7 Branch",163,4047
"8 Branch",163,4048
"9 Branch",163,4049
Trunk,163,4050
unspecified,163,3961
Beta,164,3978
Development/Staging,164,3979
"Firefox 4",164,3980
"Firefox 5",164,3981
"Firefox 6",164,3982
other,164,3983
Production,164,3984
Trunk,164,3985
unspecified,164,3977
"1.0 Branch",165,4115
"1.5.0.x Branch",165,4116
"1.7 Branch",165,4117
"1.8 Branch",165,4118
"1.8.0 Branch",165,4119
"1.9.0 Branch",165,4120
"1.9.1 Branch",165,4121
"1.9.2 Branch",165,4122
"10 Branch",165,4123
"11 Branch",165,4124
"12 Branch",165,4125
"13 Branch",165,4126
"14 Branch",165,4127
"15 Branch",165,4128
"16 Branch",165,4129
"17 Branch",165,4130
"18 Branch",165,4131
"19 Branch",165,4132
2.0,165,4133
"2.0 Branch",165,4134
"20 Branch",165,4135
"21 Branch",165,4136
"22 Branch",165,4137
"23 Branch",165,4138
"24 Branch",165,4139
"25 Branch",165,4140
"26 Branch",165,4141
"27 Branch",165,4142
"28 Branch",165,4143
"29 Branch",165,4144
3.0,165,4145
"3.0 Branch",165,4146
3.2,165,4147
"3.5 Branch",165,4148
"3.6 Branch",165,4149
"30 Branch",165,4150
"31 Branch",165,4151
"32 Branch",165,4152
"33 Branch",165,4153
"34 Branch",165,4154
"35 Branch",165,4155
"36 Branch",165,4156
"37 Branch",165,4157
"38 Branch",165,4158
"39 Branch",165,4159
"4.0 Branch",165,4160
4.x,165,4161
"40 Branch",165,4162
"41 Branch",165,4163
"42 Branch",165,4164
"43 Branch",165,4165
"44 Branch",165,4166
"45 Branch",165,4167
"46 Branch",165,4168
"47 Branch",165,4169
"48 Branch",165,4170
"49 Branch",165,4171
"5 Branch",165,4172
"50 Branch",165,4173
"51 Branch",165,4174
"52 Branch",165,4175
"53 Branch",165,4176
"54 Branch",165,4177
"55 Branch",165,4178
"56 Branch",165,4179
"57 Branch",165,4180
"58 Branch",165,4181
"59 Branch",165,4182
"6 Branch",165,4183
"60 Branch",165,4184
"61 Branch",165,4185
"62 Branch",165,4186
"63 Branch",165,4258
"7 Branch",165,4187
"8 Branch",165,4188
"9 Branch",165,4189
BW-2.0,165,4190
Trunk,165,4191
unspecified,165,4114
